﻿<Ui xmlns="http://www.blizzard.com/wow/ui/" xmlns:xsi="http://www.w3.org/2001/XMLSchema-instance">

	<Script file="Thaliz.lua" />

	<!-- template for Message list entries -->
	<Button name="Thaliz_CellTemplate" hidden="true" virtual="true">
		<Size>
			<AbsDimension x="870" y="16"/>
		</Size>
		<Layers>
			<Layer>
				<FontString name="$parentMessage" justifyH="LEFT" inherits="GameFontNormal">
					<Size>
						<AbsDimension x="680" y="16"/>
					</Size>
					<Anchors>
						<Anchor point="LEFT">
							<Offset>
								<AbsDimension x="4" y="0"/>
							</Offset>
						</Anchor>
					</Anchors>
				</FontString>
				<FontString name="$parentGroup" justifyH="LEFT" inherits="GameFontNormal">
					<Size>
						<AbsDimension x="60" y="16"/>
					</Size>
					<Anchors>
						<Anchor point="LEFT">
							<Offset>
								<AbsDimension x="680" y="0"/>
							</Offset>
						</Anchor>
					</Anchors>
				</FontString>
				<FontString name="$parentParam" justifyH="LEFT" inherits="GameFontNormal">
					<Size>
						<AbsDimension x="120" y="16"/>
					</Size>
					<Anchors>
						<Anchor point="LEFT">
							<Offset>
								<AbsDimension x="750" y="0"/>
							</Offset>
						</Anchor>
					</Anchors>
				</FontString>
			</Layer>
		</Layers>
		<Scripts>
			<OnClick>
				PlaySound(882, "Master")
				Thaliz_OnMessageClick(self)
			</OnClick>
			<OnEnter>
				_G[self:GetName().."BG"]:SetVertexColor(1, 1, 1, 1)
			</OnEnter>
			<OnLeave>
				_G[self:GetName().."BG"]:SetVertexColor(0.7, 0.7, 0.7, 0.7)
			</OnLeave>
			<OnLoad>
				self:GetScript("OnLeave")(self)
			</OnLoad>
		</Scripts>
		<NormalTexture name="$parentBG">
			<Color r="0.0" g="0.0" b="0.5" a="0.5"/>
		</NormalTexture>
	</Button>
	
	<!-- Main configuration frame -->
	<Frame name="ThalizFrame" parent="UIParent" inherits="BackdropTemplate" hidden="true" frameStrata="HIGH">
		<KeyValues>
			<KeyValue key="backdropInfo" value="BACKDROP_ARENA_32_32" type="global"/>
			<KeyValue key="backdropColor" value="BLACK" type="global"/>
			<KeyValue key="backdropBorderColor" value="WHITE" type="global"/>
		</KeyValues>
		<Size x="940" y="516" />
		<Anchors>
			<Anchor point="CENTER"/>
		</Anchors>

		<Frames>
			<!-- Message list frame -->
			<ScrollFrame name="$parentTableList" inherits="FauxScrollFrameTemplate, BackdropTemplate">
				<Size>
					<AbsDimension x="880" y="330"/>
				</Size>
				<Anchors>
					<Anchor point="TOPLEFT">
						<Offset>
							<AbsDimension x="16" y="-24"/>
						</Offset>
					</Anchor>
				</Anchors>
				<KeyValues>
					<KeyValue key="backdropInfo" value="BACKDROP_TOAST_12_12" type="global"/>
					<KeyValue key="backdropColor" value="BLACK" type="global"/>
					<KeyValue key="backdropBorderColor" value="WHITE" type="global"/>
				</KeyValues>
				<Scripts>
					<OnVerticalScroll>
						FauxScrollFrame_OnVerticalScroll(self, offset, 20, Thaliz_UpdateMessageList);
					</OnVerticalScroll>
					<OnShow>
						Thaliz_UpdateMessageList()
					</OnShow>
				</Scripts>
			</ScrollFrame>
			<!-- 1st line options: Radio buttons for chat destination -->
			<CheckButton name="$parentCheckbuttonRaid" inherits="ChatConfigCheckButtonTemplate">
				<Anchors>
					<Anchor point="TOPLEFT">
						<Offset x="16" y="-354"/>
					</Anchor>
				</Anchors>
				<Scripts>
					<OnLoad>
						_G[self:GetName().."Text"]:SetText("Raid/Party Chat")
					</OnLoad>
					<OnClick>
						Thaliz_HandleCheckbox(self);
					</OnClick>
				</Scripts>
			</CheckButton>
			<CheckButton name="$parentCheckbuttonSay" inherits="ChatConfigCheckButtonTemplate">
				<Anchors>
					<Anchor point="TOPLEFT">
						<Offset x="144" y="-354"/>
					</Anchor>
				</Anchors>
				<Scripts>
					<OnLoad>
						_G[self:GetName().."Text"]:SetText("Say")
					</OnLoad>
					<OnClick>
						Thaliz_HandleCheckbox(self);
					</OnClick>
				</Scripts>
			</CheckButton>
			<CheckButton name="$parentCheckbuttonYell" inherits="ChatConfigCheckButtonTemplate">
				<Anchors>
					<Anchor point="TOPLEFT">
						<Offset x="272" y="-354"/>
					</Anchor>
				</Anchors>
				<Scripts>
					<OnLoad>
						_G[self:GetName().."Text"]:SetText("Yell")
					</OnLoad>
					<OnClick>
						Thaliz_HandleCheckbox(self);
					</OnClick>
				</Scripts>
			</CheckButton>
			<CheckButton name="$parentCheckbuttonIncludeDefault" inherits="ChatConfigCheckButtonTemplate">
				<Anchors>
					<Anchor point="TOPLEFT">
						<Offset x="428" y="-354"/>
					</Anchor>
				</Anchors>
				<Scripts>
					<OnLoad>
						_G[self:GetName().."Text"]:SetText("Include Defaults in Filtered macros")
					</OnLoad>
					<OnClick>
						Thaliz_HandleCheckbox(self);
					</OnClick>
				</Scripts>
			</CheckButton>
			<!-- 2nd line options: msg options -->
			<CheckButton name="$parentCheckbuttonPerCharacter" inherits="ChatConfigCheckButtonTemplate">
				<Anchors>
					<Anchor point="TOPLEFT">
						<Offset x="16" y="-386"/>
					</Anchor>
				</Anchors>
				<Scripts>
					<OnLoad>
						_G[self:GetName().."Text"]:SetText("Store macro's per Character")
					</OnLoad>
					<OnClick>
						Thaliz_HandleCheckbox(self);
					</OnClick>
				</Scripts>
			</CheckButton>
			
			<Button name="DropDownNameEnclosureButton" inherits="UIDropDownMenuTemplate">
				<Size>
					<AbsDimension x="200" y="20"/>
				</Size>
				<Anchors>
					<Anchor point="TOPLEFT">
						<Offset x="438" y="-384"/>
					</Anchor>
				</Anchors>
				<Scripts>
					<OnLoad>
						UIDropDownMenu_Initialize(self, Thaliz_DropDownNameEnclosure_Initialize);
					</OnLoad>
					<OnClick>
						Thaliz_DropDownNameEnclosureButton_OnClick();
					</OnClick>
				</Scripts>
			</Button>

			<!-- 3nd line options: whisper text -->
			<CheckButton name="$parentCheckbuttonWhisper" inherits="ChatConfigCheckButtonTemplate">
				<Anchors>
					<Anchor point="TOPLEFT">
						<Offset x="16" y="-418"/>
					</Anchor>
				</Anchors>
				<Scripts>
					<OnLoad>
						_G[self:GetName().."Text"]:SetText("Whisper the Target:")
					</OnLoad>
					<OnClick>
						Thaliz_HandleCheckbox(self);
					</OnClick>
				</Scripts>
			</CheckButton>
			<!-- Dummy input field to claim frame focus -->
			<EditBox name="$parentDummy" letters="1" visible="false">
				<Size>
					<AbsDimension x="0" y="0"/>
				</Size>
				<Anchors>
					<Anchor point="TOPLEFT">
						<Offset x="-200" y="-200"/>
					</Anchor>
				</Anchors>
				<FontString inherits="GameFontNormal"/>
			</EditBox>
			<!-- Whisper input field -->
			<EditBox name="$parentWhisper" letters="120">
				<Size>
					<AbsDimension x="436" y="20"/>
				</Size>
				<Anchors>
					<Anchor point="TOPLEFT">
						<Offset x="200" y="-420"/>
					</Anchor>
				</Anchors>
				<FontString inherits="GameFontNormal">
					<Color r="0.9" g="0.9" b="0.9" />
				</FontString>
			</EditBox>
			<!-- OK button -->
			<Button name="CloseButton" inherits="UIPanelButtonTemplate" movable="true" text="OK">
				<Size>
					<AbsDimension x="100" y="23" />
				</Size>
				<Anchors>
					<Anchor point="BOTTOM">
						<Offset x="-230" y="20" />
					</Anchor>
				</Anchors>
				<Scripts>
					<OnClick>Thaliz_OKButton_OnClick();</OnClick>
				</Scripts>
			</Button>
			<!-- Profile button -->
			<Button name="ProfileButton" inherits="UIPanelButtonTemplate" movable="true" text="Profiles">
				<Size>
					<AbsDimension x="100" y="23" />
				</Size>
				<Anchors>
					<Anchor point="BOTTOM">
						<Offset x="-120" y="20" />
					</Anchor>
				</Anchors>
				<Scripts>
					<OnClick>Thaliz_ProfileButton_OnClick();</OnClick>
				</Scripts>
			</Button>
			<!-- Preset button -->
			<Button name="PresetsButton" inherits="UIPanelButtonTemplate" movable="true" text="Presets">
				<Size>
					<AbsDimension x="100" y="23" />
				</Size>
				<Anchors>
					<Anchor point="BOTTOM">
						<Offset x="-10" y="20" />
					</Anchor>
				</Anchors>
				<Scripts>
					<OnClick>Thaliz_PresetButton_OnClick();</OnClick>
				</Scripts>
			</Button>
			<!-- Priorities button -->
			<Button name="PrioritiesButton" inherits="UIPanelButtonTemplate" movable="true" text="Priorities">
				<Size>
					<AbsDimension x="100" y="23" />
				</Size>
				<Anchors>
					<Anchor point="BOTTOM">
						<Offset x="100" y="20" />
					</Anchor>
				</Anchors>
				<Scripts>
					<OnClick>Thaliz_PriorityButton_OnClick();</OnClick>
				</Scripts>
			</Button>
			<!-- Close button -->
			<Button name="CloseButton" inherits="UIPanelButtonTemplate" movable="true" text="Close">
				<Size>
					<AbsDimension x="100" y="23" />
				</Size>
				<Anchors>
					<Anchor point="BOTTOM">
						<Offset x="210" y="20" />
					</Anchor>
				</Anchors>
				<Scripts>
					<OnClick>Thaliz_CloseButton_OnClick();</OnClick>
				</Scripts>
			</Button>
		</Frames>
		<Layers>
			<Layer level="ARTWORK">
				<Texture name="$parentHeaderTexture" file="Interface\DialogFrame\UI-DialogBox-Header">
					<Size>
						<AbsDimension x="256" y="64"/>
					</Size>
					<Anchors>
						<Anchor point="TOP">
							<Offset>
								<AbsDimension x="0" y="12"/>
							</Offset>
						</Anchor>
					</Anchors>
				</Texture>
				<FontString inherits="GameFontNormal" text="Thaliz Options">
					<Anchors>
						<Anchor point="TOP" relativeTo="$parentHeaderTexture">
							<Offset>
								<AbsDimension x="0" y="-14"/>
							</Offset>
						</Anchor>
					</Anchors>
				</FontString>			
				<FontString name="ThalizVersionString" inherits="GameFontNormal" text="Thaliz Classic x - by y">
					<Anchors>
						<Anchor point="BOTTOM" relativeTo="$parent">
							<Offset>
								<AbsDimension x="0" y="4"/>
							</Offset>
						</Anchor>
					</Anchors>
					<Color r="0.3" g="0.3" b="0.3" a="1.0"/>
				</FontString>
				<FontString inherits="GameFontNormal" text="Resurrection target layout">
					<Anchors>
						<Anchor point="TOPLEFT">
							<Offset x="276" y="-392"/>
						</Anchor>
					</Anchors>
				</FontString>
				<!-- Whisper EditBox border -->
				<Texture name="$parentTextureLeft" file="Interface\ChatFrame\UI-ChatInputBorder-Left">
					<Size>
						<AbsDimension x="32" y="32"/>
					</Size>
					<Anchors>
						<Anchor point="LEFT">
							<Offset>
								<AbsDimension x="188" y="-173"/>
							</Offset>
						</Anchor>
					</Anchors>
					<TexCoords left="0" right="0.125" top="0" bottom="1.0"/>
				</Texture>
				<Texture name="$parentTextureRight" file="Interface\ChatFrame\UI-ChatInputBorder-Right">
					<Size>
						<AbsDimension x="32" y="32"/>
					</Size>
					<Anchors>
						<Anchor point="RIGHT">
							<Offset>
								<AbsDimension x="-42" y="-173"/>
							</Offset>
						</Anchor>
					</Anchors>
					<TexCoords left="0.875" right="1" top="0" bottom="1.0" />
				</Texture>
				<Texture name="$parentTextureCenter" file="Interface\ChatFrame\UI-ChatInputBorder-Right">
					<Size>
						<AbsDimension x="1" y="32"/>
					</Size>
					<Anchors>
						<Anchor point="LEFT" relativeTo="$parentTextureLeft" relativePoint="RIGHT"/>
						<Anchor point="RIGHT" relativeTo="$parentTextureRight" relativePoint="LEFT"/>
					</Anchors>
					<TexCoords left="0" right="0.9375" top="0" bottom="1.0" />
				</Texture>
			</Layer>
		</Layers>
		<Scripts>
			<OnLoad inherit="prepend">
				self:SetMovable(true)
				self:SetUserPlaced(true)
				self:RegisterForDrag("LeftButton")
			</OnLoad>
			<OnDragStart>
				self:StartMoving()
			</OnDragStart>
			<OnDragStop>
				self:StopMovingOrSizing()
			</OnDragStop>
		</Scripts>
	</Frame>

	<!-- Message editor frame -->
	<Frame name="ThalizMsgEditorFrame" parent="UIParent" inherits="BackdropTemplate" toplevel="true" hidden="true" frameStrata="HIGH">
		<KeyValues>
			<KeyValue key="backdropInfo" value="BACKDROP_DIALOG_32_32" type="global"/>
			<KeyValue key="backdropColor" value="BLACK" type="global"/>
			<KeyValue key="backdropBorderColor" value="WHITE" type="global"/>
		</KeyValues>
		<Size>
			<AbsDimension x="600" y="250" />
		</Size>
		<Anchors>
			<Anchor point="CENTER" relativeTo="ThalizFrame">
				<Offset x="0" y="100" />
			</Anchor>
		</Anchors>
		<Frames>
			<!-- Message input field -->
			<EditBox name="$parentMessage" letters="120">
				<Size>
					<AbsDimension x="536" y="20"/>
				</Size>
				<Anchors>
					<Anchor point="TOPLEFT">
						<Offset x="32" y="-32"/>
					</Anchor>
				</Anchors>
				<FontString inherits="GameFontNormal"/>
			</EditBox>
			<!-- Parameter value input field  -->
			<EditBox name="$parentGroupValue" letters="20">
				<Size>
					<AbsDimension x="120" y="20"/>
				</Size>
				<Anchors>
					<Anchor point="TOPLEFT">
						<Offset x="450" y="-123"/>
					</Anchor>
				</Anchors>
				<FontString inherits="GameFontNormal"/>
			</EditBox>
			<!-- OK button -->
			<Button name="OkButton" inherits="UIPanelButtonTemplate" text="OK">
				<Size>
					<AbsDimension x="100" y="23" />
				</Size>
				<Anchors>
					<Anchor point="TOPLEFT">
						<Offset x="130" y="-216" />
					</Anchor>
				</Anchors>
				<Scripts>
					<OnClick>Thaliz_SaveMessageButton_OnClick();</OnClick>
				</Scripts>
			</Button>
			<!-- Cancel button -->
			<Button name="CancelButton" inherits="UIPanelButtonTemplate" text="Cancel">
				<Size>
					<AbsDimension x="100" y="23" />
				</Size>
				<Anchors>
					<Anchor point="TOPLEFT">
						<Offset x="250" y="-216" />
					</Anchor>
				</Anchors>
				<Scripts>
					<OnClick>Thaliz_CloseMsgEditorButton_OnClick();</OnClick>
				</Scripts>
			</Button>
			<!-- Reset button -->
			<Button name="ResetButton" inherits="UIPanelButtonTemplate" text="Reset">
				<Size>
					<AbsDimension x="100" y="23" />
				</Size>
				<Anchors>
					<Anchor point="TOPLEFT">
						<Offset x="370" y="-216" />
					</Anchor>
				</Anchors>
				<Scripts>
					<OnClick>
						_G["ThalizMsgEditorFrameMessage"]:SetText("")
						_G["ThalizMsgEditorFrameGroupValue"]:SetText("")
						_G["ThalizMsgEditorFrameCheckbuttonAlways"]:SetChecked(1)
						_G["ThalizMsgEditorFrameCheckbuttonGuild"]:SetChecked()
						_G["ThalizMsgEditorFrameCheckbuttonCharacter"]:SetChecked()
						_G["ThalizMsgEditorFrameCheckbuttonClass"]:SetChecked()
						_G["ThalizMsgEditorFrameCheckbuttonRace"]:SetChecked()
					</OnClick>
				</Scripts>
			</Button>
			<!-- Options for showing -->
			<CheckButton name="$parentCheckbuttonAlways" inherits="ChatConfigCheckButtonTemplate">
				<Anchors>
					<Anchor point="TOPLEFT">
						<Offset x="32" y="-60"/>
					</Anchor>
				</Anchors>
				<Scripts>
					<OnLoad>
						_G[self:GetName().."Text"]:SetText("Default: Use this macro for anyone not matching a rule below")
					</OnLoad>
					<OnClick>
						Thaliz_HandleCheckbox(self);
					</OnClick>
				</Scripts>
			</CheckButton>
			<CheckButton name="$parentCheckbuttonGuild" inherits="ChatConfigCheckButtonTemplate">
				<Anchors>
					<Anchor point="TOPLEFT">
						<Offset x="32" y="-90"/>
					</Anchor>
				</Anchors>
				<Scripts>
					<OnLoad>
						_G[self:GetName().."Text"]:SetText("Guild: Use macro where guild name = &lt;?&gt;")
					</OnLoad>
					<OnClick>
						Thaliz_HandleCheckbox(self);
					</OnClick>
				</Scripts>
			</CheckButton>
			<CheckButton name="$parentCheckbuttonCharacter" inherits="ChatConfigCheckButtonTemplate">
				<Anchors>
					<Anchor point="TOPLEFT">
						<Offset x="32" y="-120"/>
					</Anchor>
				</Anchors>
				<Scripts>
					<OnLoad>
						_G[self:GetName().."Text"]:SetText("Character: Use macro where character name = &lt;?&gt;")
					</OnLoad>
					<OnClick>
						Thaliz_HandleCheckbox(self);
					</OnClick>
				</Scripts>
			</CheckButton>
			<CheckButton name="$parentCheckbuttonClass" inherits="ChatConfigCheckButtonTemplate">
				<Anchors>
					<Anchor point="TOPLEFT">
						<Offset x="32" y="-150"/>
					</Anchor>
				</Anchors>
				<Scripts>
					<OnLoad>
						_G[self:GetName().."Text"]:SetText("Class: Use macro for class = &lt;?&gt;")
					</OnLoad>
					<OnClick>
						Thaliz_HandleCheckbox(self);
					</OnClick>
				</Scripts>
			</CheckButton>
			<CheckButton name="$parentCheckbuttonRace" inherits="ChatConfigCheckButtonTemplate">
				<Anchors>
					<Anchor point="TOPLEFT">
						<Offset x="32" y="-180"/>
					</Anchor>
				</Anchors>
				<Scripts>
					<OnLoad>
						_G[self:GetName().."Text"]:SetText("Race: Use macro for race = &lt;?&gt;")
					</OnLoad>
					<OnClick>
						Thaliz_HandleCheckbox(self);
					</OnClick>
				</Scripts>
			</CheckButton>
		</Frames>
		<Layers>
			<Layer level="BORDER">
				<!-- Message EditBox border -->
				<Texture name="$parentTextureLeft" file="Interface\ChatFrame\UI-ChatInputBorder-Left">
					<Size>
						<AbsDimension x="32" y="32"/>
					</Size>
					<Anchors>
						<Anchor point="LEFT">
							<Offset>
								<AbsDimension x="20" y="82"/>
							</Offset>
						</Anchor>
					</Anchors>
					<TexCoords left="0" right="0.125" top="0" bottom="1.0" />
				</Texture>
				<Texture name="$parentTextureRight" file="Interface\ChatFrame\UI-ChatInputBorder-Right">
					<Size>
						<AbsDimension x="32" y="32"/>
					</Size>
					<Anchors>
						<Anchor point="RIGHT">
							<Offset>
								<AbsDimension x="-16" y="82"/>
							</Offset>
						</Anchor>
					</Anchors>
					<TexCoords left="0.875" right="1" top="0" bottom="1.0" />
				</Texture>
				<Texture name="$parentTextureCenter" file="Interface\ChatFrame\UI-ChatInputBorder-Right">
					<Size>
						<AbsDimension x="1" y="32" />
					</Size>
					<Anchors>
						<Anchor point="LEFT" relativeTo="$parentTextureLeft" relativePoint="RIGHT" />
						<Anchor point="RIGHT" relativeTo="$parentTextureRight" relativePoint="LEFT" />
					</Anchors>
					<TexCoords left="0" right="0.9375" top="0" bottom="1.0" />
				</Texture>
				<!-- Value EditBox border -->
				<Texture name="$parentValTextureLeft" file="Interface\ChatFrame\UI-ChatInputBorder-Left">
					<Size>
						<AbsDimension x="32" y="32" />
					</Size>
					<Anchors>
						<Anchor point="LEFT">
							<Offset>
								<AbsDimension x="440" y="-8" />
							</Offset>
						</Anchor>
					</Anchors>
					<TexCoords left="0" right="0.125" top="0" bottom="1.0" />
				</Texture>
				<Texture name="$parentValTextureRight" file="Interface\ChatFrame\UI-ChatInputBorder-Right">
					<Size>
						<AbsDimension x="32" y="32" />
					</Size>
					<Anchors>
						<Anchor point="RIGHT">
							<Offset>
								<AbsDimension x="-16" y="-8" />
							</Offset>
						</Anchor>
					</Anchors>
					<TexCoords left="0.875" right="1" top="0" bottom="1.0" />
				</Texture>
				<Texture name="$parentValTextureCenter" file="Interface\ChatFrame\UI-ChatInputBorder-Right">
					<Size>
						<AbsDimension x="1" y="32" />
					</Size>
					<Anchors>
						<Anchor point="LEFT" relativeTo="$parentValTextureLeft" relativePoint="RIGHT" />
						<Anchor point="RIGHT" relativeTo="$parentValTextureRight" relativePoint="LEFT" />
					</Anchors>
					<TexCoords left="0" right="0.9375" top="0" bottom="1.0" />
				</Texture>
			</Layer>
			<Layer level="BACKGROUND">
				<Texture setAllPoints="true">
					<Color r="0.0" g="0.0" b="0.0" a="0.9"/>
				</Texture>
			</Layer>
		</Layers>
	</Frame>

	<!-- Profile management frame -->
	<Frame name="ThalizProfileFrame" parent="UIParent" inherits="BackdropTemplate" toplevel="true" hidden="true" frameStrata="HIGH">
		<KeyValues>
			<KeyValue key="backdropInfo" value="BACKDROP_DARK_DIALOG_32_32" type="global"/>
			<KeyValue key="backdropColor" value="BLACK" type="global"/>
			<KeyValue key="backdropBorderColor" value="WHITE" type="global"/>
		</KeyValues>
		<Size>
			<AbsDimension x="390" y="165" />
		</Size>
		<Anchors>
			<Anchor point="CENTER" relativeTo="ThalizFrame">
				<Offset x="0" y="0" />
			</Anchor>
		</Anchors>
		<Frames>
			<!-- Profile list -->
			<Button name="DropDownProfileButton" inherits="UIDropDownMenuTemplate">
				<Size>
					<AbsDimension x="300" y="20"/>
				</Size>
				<Anchors>
					<Anchor point="TOPLEFT">
						<Offset x="20" y="-40"/>
					</Anchor>
				</Anchors>
				<Scripts>
					<OnLoad>
						UIDropDownMenu_Initialize(self, Thaliz_DropDownProfiles_Initialize);
					</OnLoad>
				</Scripts>
				<Layers>
					<Layer>
						<FontString inherits="GameFontNormal" text="Copy messages from">
							<Anchors>
								<Anchor point="TOP" relativeTo="$parent">
									<Offset x="0" y="20"/>
								</Anchor>
							</Anchors>
						</FontString>
					</Layer>
				</Layers>
			</Button>
			<!-- Import (overwrite old) -->
			<Button name="ReplaceWithProfileButton" inherits="UIPanelButtonTemplate" text="Replace with Profile">
				<Size>
					<AbsDimension x="150" y="23" />
				</Size>
				<Anchors>
					<Anchor point="BOTTOM" relativeTo="DropDownProfileButton">
						<Offset x="-80" y="-30" />
					</Anchor>
				</Anchors>
				<Scripts>
					<OnClick>Thaliz_ReplaceWithProfile_OnClick();</OnClick>
				</Scripts>
			</Button>
			<!-- Import (merge) -->
			<Button name="MergeWithProfileButton" inherits="UIPanelButtonTemplate" text="Merge with Profile">
				<Size>
					<AbsDimension x="150" y="23" />
				</Size>
				<Anchors>
					<Anchor point="BOTTOM" relativeTo="DropDownProfileButton">
						<Offset x="80" y="-30" />
					</Anchor>
				</Anchors>
				<Scripts>
					<OnClick>Thaliz_MergeWithProfile_OnClick();</OnClick>
				</Scripts>
			</Button>
			<!-- Close button -->
			<Button name="CloseProfileButton" inherits="UIPanelButtonTemplate" text="Close">
				<Size>
					<AbsDimension x="100" y="23" />
				</Size>
				<Anchors>
					<Anchor point="BOTTOM">
						<Offset x="0" y="15" />
					</Anchor>
				</Anchors>
				<Scripts>
					<OnClick>Thaliz_CloseProfileButton_OnClick();</OnClick>
				</Scripts>
			</Button>
		</Frames>	
	</Frame>

	<!-- Preset management frame -->
	<Frame name="ThalizPresetFrame" parent="UIParent" inherits="BackdropTemplate" toplevel="true" hidden="true" frameStrata="HIGH">
		<KeyValues>
			<KeyValue key="backdropInfo" value="BACKDROP_DARK_DIALOG_32_32" type="global"/>
			<KeyValue key="backdropColor" value="BLACK" type="global"/>
			<KeyValue key="backdropBorderColor" value="WHITE" type="global"/>
		</KeyValues>
		<Size>
			<AbsDimension x="390" y="165" />
		</Size>
		<Anchors>
			<Anchor point="CENTER" relativeTo="ThalizFrame">
				<Offset x="0" y="0" />
			</Anchor>
		</Anchors>
		<Frames>
			<!-- Preset list -->
			<Button name="DropDownPresetButton" inherits="UIDropDownMenuTemplate">
				<Size>
					<AbsDimension x="300" y="20"/>
				</Size>
				<Anchors>
					<Anchor point="TOPLEFT">
						<Offset x="20" y="-40"/>
					</Anchor>
				</Anchors>
				<Scripts>
					<OnLoad>
						UIDropDownMenu_Initialize(self, Thaliz_DropDownPresets_Initialize);
					</OnLoad>
				</Scripts>
				<Layers>
					<Layer>
						<FontString inherits="GameFontNormal" text="Copy messages from">
							<Anchors>
								<Anchor point="TOP" relativeTo="$parent">
									<Offset x="0" y="20"/>
								</Anchor>
							</Anchors>
						</FontString>
					</Layer>
				</Layers>
			</Button>
			<!-- Import (overwrite old) -->
			<Button name="ReplaceWithPresetButton" inherits="UIPanelButtonTemplate" text="Replace with Preset">
				<Size>
					<AbsDimension x="150" y="23" />
				</Size>
				<Anchors>
					<Anchor point="BOTTOM" relativeTo="DropDownPresetButton">
						<Offset x="-80" y="-30" />
					</Anchor>
				</Anchors>
				<Scripts>
					<OnClick>Thaliz_ReplaceWithPreset_OnClick();</OnClick>
				</Scripts>
			</Button>
			<!-- Import (merge) -->
			<Button name="MergeWithPresetButton" inherits="UIPanelButtonTemplate" text="Merge with Preset">
				<Size>
					<AbsDimension x="150" y="23" />
				</Size>
				<Anchors>
					<Anchor point="BOTTOM" relativeTo="DropDownPresetButton">
						<Offset x="80" y="-30" />
					</Anchor>
				</Anchors>
				<Scripts>
					<OnClick>Thaliz_MergeWithPreset_OnClick();</OnClick>
				</Scripts>
			</Button>

			<!-- Close button -->
			<Button name="ClosePresetButton" inherits="UIPanelButtonTemplate" text="Close">
				<Size>
					<AbsDimension x="100" y="23" />
				</Size>
				<Anchors>
					<Anchor point="BOTTOM">
						<Offset x="0" y="15" />
					</Anchor>
				</Anchors>
				<Scripts>
					<OnClick>Thaliz_ClosePresetButton_OnClick();</OnClick>
				</Scripts>
			</Button>
		</Frames>
	</Frame>

	<!-- Priority editor frame -->
	<Frame name="ThalizPriorityFrame" parent="UIParent" inherits="BackdropTemplate" toplevel="true" hidden="true" frameStrata="HIGH">
		<KeyValues>
			<KeyValue key="backdropInfo" value="BACKDROP_DIALOG_32_32" type="global"/>
			<KeyValue key="backdropColor" value="BLACK" type="global"/>
			<KeyValue key="backdropBorderColor" value="WHITE" type="global"/>
		</KeyValues>
		<Size>
			<AbsDimension x="430" y="540" />
		</Size>
		<Anchors>
			<Anchor point="CENTER" relativeTo="ThalizFrame">
				<Offset x="0" y="0" />
			</Anchor>
		</Anchors>
		<Frames>
			<!-- (1/12) Paladin -->
			<Slider name="$parentPaladin" minValue="0" maxValue="100" valueStep="5" inherits="HorizontalSliderTemplate" enableMouse="true">
				<Size x="250" y="20" />
				<Anchors>
					<Anchor point="TOPLEFT" x="130" y="-40" relativeTo="$parent"/>
				</Anchors>
				<Scripts>
					<OnValueChanged>
						if ThalizPriorityFrame_OnPriorityChanged then
						ThalizPriorityFrame_OnPriorityChanged(self, "Paladin");
						end;
					</OnValueChanged>
				</Scripts>
			</Slider>
			<!-- (2/12) Priest -->
			<Slider name="$parentPriest" minValue="0" maxValue="100" valueStep="5" inherits="HorizontalSliderTemplate" enableMouse="true">
				<Size x="250" y="20" />
				<Anchors>
					<Anchor point="TOPLEFT" x="130" y="-75" relativeTo="$parent"/>
				</Anchors>
				<Scripts>
					<OnValueChanged>
						if ThalizPriorityFrame_OnPriorityChanged then
						ThalizPriorityFrame_OnPriorityChanged(self, "Priest");
						end;
					</OnValueChanged>
				</Scripts>
			</Slider>
			<!-- (3/12) Shaman -->
			<Slider name="$parentShaman" minValue="0" maxValue="100" valueStep="5" inherits="HorizontalSliderTemplate" enableMouse="true">
				<Size x="250" y="20" />
				<Anchors>
					<Anchor point="TOPLEFT" x="130" y="-110" relativeTo="$parent"/>
				</Anchors>
				<Scripts>
					<OnValueChanged>
						if ThalizPriorityFrame_OnPriorityChanged then
						ThalizPriorityFrame_OnPriorityChanged(self, "Shaman");
						end;
					</OnValueChanged>
				</Scripts>
			</Slider>
			<!-- (4/12) Druid -->
			<Slider name="$parentDruid" minValue="0" maxValue="100" valueStep="5" inherits="HorizontalSliderTemplate" enableMouse="true">
				<Size x="250" y="20" />
				<Anchors>
					<Anchor point="TOPLEFT" x="130" y="-145" relativeTo="$parent"/>
				</Anchors>
				<Scripts>
					<OnValueChanged>
						if ThalizPriorityFrame_OnPriorityChanged then
						ThalizPriorityFrame_OnPriorityChanged(self, "Druid");
						end;
					</OnValueChanged>
				</Scripts>
			</Slider>
			<!-- (5/12) Hunter -->
			<Slider name="$parentHunter" minValue="0" maxValue="100" valueStep="5" inherits="HorizontalSliderTemplate" enableMouse="true">
				<Size x="250" y="20" />
				<Anchors>
					<Anchor point="TOPLEFT" x="130" y="-180" relativeTo="$parent"/>
				</Anchors>
				<Scripts>
					<OnValueChanged>
						if ThalizPriorityFrame_OnPriorityChanged then
						ThalizPriorityFrame_OnPriorityChanged(self, "Hunter");
						end;
					</OnValueChanged>
				</Scripts>
			</Slider>
			<!-- (6/12) Mage -->
			<Slider name="$parentMage" minValue="0" maxValue="100" valueStep="5" inherits="HorizontalSliderTemplate" enableMouse="true">
				<Size x="250" y="20" />
				<Anchors>
					<Anchor point="TOPLEFT" x="130" y="-215" relativeTo="$parent"/>
				</Anchors>
				<Scripts>
					<OnValueChanged>
						if ThalizPriorityFrame_OnPriorityChanged then
						ThalizPriorityFrame_OnPriorityChanged(self, "Mage");
						end;
					</OnValueChanged>
				</Scripts>
			</Slider>
			<!-- (7/12) Warlock -->
			<Slider name="$parentWarlock" minValue="0" maxValue="100" valueStep="5" inherits="HorizontalSliderTemplate" enableMouse="true">
				<Size x="250" y="20" />
				<Anchors>
					<Anchor point="TOPLEFT" x="130" y="-250" relativeTo="$parent"/>
				</Anchors>
				<Scripts>
					<OnValueChanged>
						if ThalizPriorityFrame_OnPriorityChanged then
						ThalizPriorityFrame_OnPriorityChanged(self, "Warlock");
						end;
					</OnValueChanged>
				</Scripts>
			</Slider>
			<!-- (8/12) Rogue -->
			<Slider name="$parentRogue" minValue="0" maxValue="100" valueStep="5" inherits="HorizontalSliderTemplate" enableMouse="true">
				<Size x="250" y="20" />
				<Anchors>
					<Anchor point="TOPLEFT" x="130" y="-285" relativeTo="$parent"/>
				</Anchors>
				<Scripts>
					<OnValueChanged>
						if ThalizPriorityFrame_OnPriorityChanged then
						ThalizPriorityFrame_OnPriorityChanged(self, "Rogue");
						end;
					</OnValueChanged>
				</Scripts>
			</Slider>
			<!-- (9/12) Warrior -->
			<Slider name="$parentWarrior" minValue="0" maxValue="100" valueStep="5" inherits="HorizontalSliderTemplate" enableMouse="true">
				<Size x="250" y="20" />
				<Anchors>
					<Anchor point="TOPLEFT" x="130" y="-320" relativeTo="$parent"/>
				</Anchors>
				<Scripts>
					<OnValueChanged>
						if ThalizPriorityFrame_OnPriorityChanged then
						ThalizPriorityFrame_OnPriorityChanged(self, "Warrior");
						end;
					</OnValueChanged>
				</Scripts>
			</Slider>
			<!-- (10/12) Target -->
			<Slider name="$parentTarget" minValue="0" maxValue="100" valueStep="5" inherits="HorizontalSliderTemplate" enableMouse="true">
				<Size x="250" y="20" />
				<Anchors>
					<Anchor point="TOPLEFT" x="130" y="-390" relativeTo="$parent"/>
				</Anchors>
				<Scripts>
					<OnValueChanged>
						if ThalizPriorityFrame_OnPriorityChanged then
						ThalizPriorityFrame_OnPriorityChanged(self, "Target");
						end;
					</OnValueChanged>
				</Scripts>
			</Slider>
			<!-- (11/12) Master(looter) -->
			<Slider name="$parentMaster" minValue="0" maxValue="100" valueStep="5" inherits="HorizontalSliderTemplate" enableMouse="true">
				<Size x="250" y="20" />
				<Anchors>
					<Anchor point="TOPLEFT" x="130" y="-425" relativeTo="$parent"/>
				</Anchors>
				<Scripts>
					<OnValueChanged>
						if ThalizPriorityFrame_OnPriorityChanged then
						ThalizPriorityFrame_OnPriorityChanged(self, "Master");
						end;
					</OnValueChanged>
				</Scripts>
			</Slider>
			<!-- (12/12) First Warlock -->
			<Slider name="$parentFirstLock" minValue="0" maxValue="100" valueStep="5" inherits="HorizontalSliderTemplate" enableMouse="true">
				<Size x="250" y="20" />
				<Anchors>
					<Anchor point="TOPLEFT" x="130" y="-460" relativeTo="$parent"/>
				</Anchors>
				<Scripts>
					<OnValueChanged>
						if ThalizPriorityFrame_OnPriorityChanged then
						ThalizPriorityFrame_OnPriorityChanged(self, "FirstLock");
						end;
					</OnValueChanged>
				</Scripts>
			</Slider>

			<!-- Close button -->
			<Button name="CloseButton" inherits="UIPanelButtonTemplate" movable="true" text="Close">
				<Size>
					<AbsDimension x="100" y="23" />
				</Size>
				<Anchors>
					<Anchor point="BOTTOM">
						<Offset x="0" y="20" />
					</Anchor>
				</Anchors>
				<Scripts>
					<OnClick>Thaliz_CloseButton_OnClick();</OnClick>
				</Scripts>
			</Button>
		</Frames>

		<Layers>
			<Layer level="ARTWORK">
				<Texture name="$parentHeaderTexture" file="Interface\DialogFrame\UI-DialogBox-Header">
					<Size>
						<AbsDimension x="400" y="64"/>
					</Size>
					<Anchors>
						<Anchor point="TOP">
							<Offset>
								<AbsDimension x="0" y="12"/>
							</Offset>
						</Anchor>
					</Anchors>
				</Texture>
				<FontString name="ThalizPriorityConfigHeaderText" inherits="GameFontNormal" text="Resurrection Priority List">
					<Anchors>
						<Anchor point="TOP" relativeTo="$parentHeaderTexture">
							<Offset>
								<AbsDimension x="0" y="-14"/>
							</Offset>
						</Anchor>
					</Anchors>
				</FontString>

				<!-- slider captions -->
				<!-- Paladin -->
				<FontString name="$parentPaladinCaption" inherits="GameFontNormal" text="Paladin">
					<Anchors>
						<Anchor point="LEFT" x="-100" y="0" relativeTo="ThalizPriorityFramePaladin"/>
					</Anchors>
					<Color r="0.96" g="0.55" b="0.73" a="1.0"/>
				</FontString>
				<FontString name="$parentPaladinPercent" inherits="GameFontNormal" text="0%">
					<Anchors>
						<Anchor point="LEFT" x="256" y="0" relativeTo="ThalizPriorityFramePaladin"/>
					</Anchors>
					<Color r="0.9" g="0.8" b="0.2" a="1.0"/>
				</FontString>
				<!-- Priest -->
				<FontString name="$parentPriestCaption" inherits="GameFontNormal" text="Priest">
					<Anchors>
						<Anchor point="LEFT" x="-100" y="0" relativeTo="ThalizPriorityFramePriest"/>
					</Anchors>
					<Color r="1.0" g="1.0" b="1.0" a="1.0"/>
				</FontString>
				<FontString name="$parentPriestPercent" inherits="GameFontNormal" text="0%">
					<Anchors>
						<Anchor point="LEFT" x="256" y="0" relativeTo="ThalizPriorityFramePriest"/>
					</Anchors>
					<Color r="0.9" g="0.8" b="0.2" a="1.0"/>
				</FontString>
				<!-- Shaman -->
				<FontString name="$parentShamanCaption" inherits="GameFontNormal" text="Shaman">
					<Anchors>
						<Anchor point="LEFT" x="-100" y="0" relativeTo="ThalizPriorityFrameShaman"/>
					</Anchors>
					<Color r="0.0" g="0.44" b="0.87" a="1.0"/>
				</FontString>
				<FontString name="$parentShamanPercent" inherits="GameFontNormal" text="0%">
					<Anchors>
						<Anchor point="LEFT" x="256" y="0" relativeTo="ThalizPriorityFrameShaman"/>
					</Anchors>
					<Color r="0.9" g="0.8" b="0.2" a="1.0"/>
				</FontString>
				<!-- Druid -->
				<FontString name="$parentDruidCaption" inherits="GameFontNormal" text="Druid">
					<Anchors>
						<Anchor point="LEFT" x="-100" y="0" relativeTo="ThalizPriorityFrameDruid"/>
					</Anchors>
					<Color r="1.0" g="0.49" b="0.04" a="1.0"/>
				</FontString>
				<FontString name="$parentDruidPercent" inherits="GameFontNormal" text="0%">
					<Anchors>
						<Anchor point="LEFT" x="256" y="0" relativeTo="ThalizPriorityFrameDruid"/>
					</Anchors>
					<Color r="0.9" g="0.8" b="0.2" a="1.0"/>
				</FontString>
				<!-- Hunter -->
				<FontString name="$parentHunterCaption" inherits="GameFontNormal" text="Hunter">
					<Anchors>
						<Anchor point="LEFT" x="-100" y="0" relativeTo="ThalizPriorityFrameHunter"/>
					</Anchors>
					<Color r="0.67" g="0.83" b="0.45" a="1.0"/>
				</FontString>
				<FontString name="$parentHunterPercent" inherits="GameFontNormal" text="0%">
					<Anchors>
						<Anchor point="LEFT" x="256" y="0" relativeTo="ThalizPriorityFrameHunter"/>
					</Anchors>
					<Color r="0.9" g="0.8" b="0.2" a="1.0"/>
				</FontString>
				<!-- Mage -->
				<FontString name="$parentMageCaption" inherits="GameFontNormal" text="Mage">
					<Anchors>
						<Anchor point="LEFT" x="-100" y="0" relativeTo="ThalizPriorityFrameMage"/>
					</Anchors>
					<Color r="0.41" g="0.80" b="0.94" a="1.0"/>
				</FontString>
				<FontString name="$parentMagePercent" inherits="GameFontNormal" text="0%">
					<Anchors>
						<Anchor point="LEFT" x="256" y="0" relativeTo="ThalizPriorityFrameMage"/>
					</Anchors>
					<Color r="0.9" g="0.8" b="0.2" a="1.0"/>
				</FontString>
				<!-- Warlock -->
				<FontString name="$parentWarlockCaption" inherits="GameFontNormal" text="Warlock">
					<Anchors>
						<Anchor point="LEFT" x="-100" y="0" relativeTo="ThalizPriorityFrameWarlock"/>
					</Anchors>
					<Color r="0.58" g="0.51" b="0.79" a="1.0"/>
				</FontString>
				<FontString name="$parentWarlockPercent" inherits="GameFontNormal" text="0%">
					<Anchors>
						<Anchor point="LEFT" x="256" y="0" relativeTo="ThalizPriorityFrameWarlock"/>
					</Anchors>
					<Color r="0.9" g="0.8" b="0.2" a="1.0"/>
				</FontString>
				<!-- Rogue -->
				<FontString name="$parentRogueCaption" inherits="GameFontNormal" text="Rogue">
					<Anchors>
						<Anchor point="LEFT" x="-100" y="0" relativeTo="ThalizPriorityFrameRogue"/>
					</Anchors>
					<Color r="1.0" g="0.96" b="0.41" a="1.0"/>
				</FontString>
				<FontString name="$parentRoguePercent" inherits="GameFontNormal" text="0%">
					<Anchors>
						<Anchor point="LEFT" x="256" y="0" relativeTo="ThalizPriorityFrameRogue"/>
					</Anchors>
					<Color r="0.9" g="0.8" b="0.2" a="1.0"/>
				</FontString>
				<!-- Warrior -->
				<FontString name="$parentWarriorCaption" inherits="GameFontNormal" text="Warrior">
					<Anchors>
						<Anchor point="LEFT" x="-100" y="0" relativeTo="ThalizPriorityFrameWarrior"/>
					</Anchors>
					<Color r="0.78" g="0.61" b="0.43" a="1.0"/>
				</FontString>
				<FontString name="$parentWarriorPercent" inherits="GameFontNormal" text="0%">
					<Anchors>
						<Anchor point="LEFT" x="256" y="0" relativeTo="ThalizPriorityFrameWarrior"/>
					</Anchors>
					<Color r="0.9" g="0.8" b="0.2" a="1.0"/>
				</FontString>
				<!-- (Current) Target -->
				<FontString name="$parentTargetCaption" inherits="GameFontNormal" text="Current target">
					<Anchors>
						<Anchor point="LEFT" x="-100" y="0" relativeTo="ThalizPriorityFrameTarget"/>
					</Anchors>
					<Color r="0.9" g="0.8" b="0.2" a="1.0"/>
				</FontString>
				<FontString name="$parentTargetPercent" inherits="GameFontNormal" text="0%">
					<Anchors>
						<Anchor point="LEFT" x="256" y="0" relativeTo="ThalizPriorityFrameTarget"/>
					</Anchors>
					<Color r="0.9" g="0.8" b="0.2" a="1.0"/>
				</FontString>
				<!-- Master (Looter) -->
				<FontString name="$parentMasterCaption" inherits="GameFontNormal" text="Master looter">
					<Anchors>
						<Anchor point="LEFT" x="-100" y="0" relativeTo="ThalizPriorityFrameMaster"/>
					</Anchors>
					<Color r="0.9" g="0.8" b="0.2" a="1.0"/>
				</FontString>
				<FontString name="$parentMasterPercent" inherits="GameFontNormal" text="0%">
					<Anchors>
						<Anchor point="LEFT" x="256" y="0" relativeTo="ThalizPriorityFrameMaster"/>
					</Anchors>
					<Color r="0.9" g="0.8" b="0.2" a="1.0"/>
				</FontString>
				<!-- First Warlock -->
				<FontString name="$parentFirstLockCaption" inherits="GameFontNormal" text="First Warlock">
					<Anchors>
						<Anchor point="LEFT" x="-100" y="0" relativeTo="ThalizPriorityFrameFirstLock"/>
					</Anchors>
					<Color r="0.9" g="0.8" b="0.2" a="1.0"/>
				</FontString>
				<FontString name="$parentFirstLockPercent" inherits="GameFontNormal" text="0%">
					<Anchors>
						<Anchor point="LEFT" x="256" y="0" relativeTo="ThalizPriorityFrameFirstLock"/>
					</Anchors>
					<Color r="0.9" g="0.8" b="0.2" a="1.0"/>
				</FontString>

				<!-- Labels -->
				<FontString name="$parentCaption1Low" inherits="GameFontNormal" text="0%">
					<Anchors>
						<Anchor point="LEFT" x="0" y="20" relativeTo="ThalizPriorityFramePaladin"/>
					</Anchors>
					<Color r="0.8" g="0.8" b="0.8" a="1.0"/>
				</FontString>
				<FontString name="$parentCaption1High" inherits="GameFontNormal" text="100%">
					<Anchors>
						<Anchor point="RIGHT" x="0" y="20" relativeTo="ThalizPriorityFramePaladin"/>
					</Anchors>
					<Color r="0.8" g="0.8" b="0.8" a="1.0"/>
				</FontString>
				<FontString name="$parentCaption2Low" inherits="GameFontNormal" text="0%">
					<Anchors>
						<Anchor point="LEFT" x="0" y="20" relativeTo="ThalizPriorityFrameTarget"/>
					</Anchors>
					<Color r="0.8" g="0.8" b="0.8" a="1.0"/>
				</FontString>
				<FontString name="$parentCaption2High" inherits="GameFontNormal" text="100%">
					<Anchors>
						<Anchor point="RIGHT" x="0" y="20" relativeTo="ThalizPriorityFrameTarget"/>
					</Anchors>
					<Color r="0.8" g="0.8" b="0.8" a="1.0"/>
				</FontString>
			</Layer>
		</Layers>
	</Frame>

	
	<!-- The Rez Button -->
	<Button name="RezButton" inherits="SecureActionButtonTemplate" parent="UIParent" toplevel="true" hidden="false" frameStrata="LOW" movable="true">
		<Size>
			<AbsDimension x="32" y="32" />
		</Size>
		<Anchors>
			<Anchor point="CENTER">
				<Offset>
					<AbsDimension x="0" y="100" />
				</Offset>
			</Anchor>
		</Anchors>
		<Scripts>
			<OnLoad>
				self:EnableMouse(true);
				self:EnableKeyboard(false);
				self:RegisterForDrag("LeftButton");
				self:RegisterForClicks("LeftButtonUp", "RightButtonUp");

				self:SetScript("PreClick", Thaliz_OnRezClick);

				self.title = self:CreateFontString(nil, "OVERLAY");
				self.title:SetFont("Fonts\\ARIALN.ttf",8)
				self.title:SetTextColor(1, 1, 0)
				self.title:SetAllPoints(self);
				self.title:SetText("");

				self:SetAttribute("type", "spell");
				self:SetAttribute("unit", nil);
				self:SetAttribute("spell", nil);
				self:SetAttribute("item", nil);
				self:SetAttribute("target-slot", nil);
			</OnLoad>
			<OnDragStart>
				if (button == "LeftButton" and IsShiftKeyDown()) then
				self:StartMoving();
				end
			</OnDragStart>
			<OnDragStop>
				self:StopMovingOrSizing();
				Thaliz_RepositionateButton(self);
			</OnDragStop>
		</Scripts>
	</Button>

	<!-- Dummy event frame -->
	<Frame name="ThalizEventFrame">
		<Scripts>
			<OnLoad>
				if (Thaliz_OnLoad) then
				Thaliz_OnLoad();
				end
			</OnLoad>
			<OnEvent>
				if (Thaliz_OnEvent) then
				Thaliz_OnEvent(self, event, ...);
				end
			</OnEvent>
			<OnUpdate>
				if (Thaliz_OnTimer) then
				Thaliz_OnTimer(elapsed);
				end
			</OnUpdate>
		</Scripts>
	</Frame>
</Ui>
