﻿<Ui xmlns="http://www.blizzard.com/wow/ui/" xmlns:xsi="http://www.w3.org/2001/XMLSchema-instance">
	<Button name="RezButton" inherits="SecureActionButtonTemplate" parent="UIParent" toplevel="true" hidden="false" frameStrata="LOW" movable="true">
		<Size>
			<AbsDimension x="32" y="32" />
		</Size>
		<Anchors>
			<Anchor point="CENTER">
				<Offset>
					<AbsDimension x="0" y="100" />
				</Offset>
			</Anchor>
		</Anchors>
		<Scripts>
			<OnLoad>
				self:EnableMouse(true);
				self:EnableKeyboard(false);
				self:RegisterForDrag("LeftButton");
				self:RegisterForClicks("LeftButtonUp", "RightButtonUp");

				self:SetScript("PreClick", Thaliz_OnRezClick);

				self.title = self:CreateFontString(nil, "OVERLAY");
				self.title:SetFont("Fonts\\ARIALN.ttf",8)
				self.title:SetTextColor(1, 1, 0)
				self.title:SetAllPoints(self);
				self.title:SetText("");

				self:SetAttribute("type", "spell");
				self:SetAttribute("unit", nil);
				self:SetAttribute("spell", nil);
				self:SetAttribute("item", nil);
				self:SetAttribute("target-slot", nil);
			</OnLoad>
			<OnDragStart>
				if (button == "LeftButton" and IsShiftKeyDown()) then
				self:StartMoving();
				end
			</OnDragStart>
			<OnDragStop>
				self:StopMovingOrSizing();
				Thaliz_RepositionateButton(self);
			</OnDragStop>
		</Scripts>
	</Button>
</Ui>
